{"count":1,"self":60.297062399999994,"total":203.493147,"children":{"InitializeActuators":{"count":723,"self":0.0155156,"total":0.0155156,"children":null},"InitializeSensors":{"count":723,"self":0.025991399999999998,"total":0.025991399999999998,"children":null},"AgentSendState":{"count":3001,"self":1.6098694,"total":33.642269899999995,"children":{"CollectObservations":{"count":110139,"self":26.300103999999997,"total":26.300103999999997,"children":null},"WriteActionMask":{"count":110139,"self":0.2533126,"total":0.2533126,"children":null},"RequestDecision":{"count":110139,"self":1.7011501999999998,"total":5.4789838999999994,"children":{"AgentInfo.ToProto":{"count":110139,"self":0.94409139999999991,"total":3.7778337,"children":{"GenerateSensorData":{"count":110139,"self":2.8337423999999998,"total":2.8337423,"children":null}}}}}}},"DecideAction":{"count":3001,"self":83.3963776,"total":83.3963752,"children":null},"AgentAct":{"count":3001,"self":26.081452799999997,"total":26.081452799999997,"children":null},"AgentInfo.ToProto":{"count":538,"self":0.0105148,"total":0.0314841,"children":{"GenerateSensorData":{"count":538,"self":0.0209693,"total":0.0209693,"children":null}}}},"gauges":{},"metadata":{"timer_format_version":"0.1.0","start_time_seconds":"1721745180","unity_version":"2022.3.26f1","command_line_arguments":"C:\\Program Files\\Unity\\Hub\\Editor\\2022.3.26f1\\Editor\\Unity.exe -projectpath C:\\Users\\UJJAWAL\\UNITYPROJECTS\\ml-agents\\SnakeGame -useHub -hubIPC -cloudEnvironment production -licensingIpc LicenseClient-UJJAWAL -hubSessionId 2f821f11-7104-45ac-9c64-d46fbcb3ea5d -accessToken 2-RB8T0v_jJ7tIHn8ceuhw1Fd6TEfuvT1oR9e-Aup_E00cf","communication_protocol_version":"1.5.0","com.unity.ml-agents_version":"2.0.1","scene_name":"Ml","end_time_seconds":"1721745383"}}